﻿SET IDENTITY_INSERT [dbo].[Users] ON
INSERT INTO [dbo].[Users] ([Id], [IdentityUserId], [FirstName], [LastName], [Email], [CreatedAt], [CreatedBy], [LastModifiedAt], [LastModifiedBy]) VALUES (1, N'00000000-0000-0000-0000-000000000000', N'SystemUser', N'SystemUser', N'sysUser@gmail.com', N'2021-01-26 02:24:45', 1, N'2021-01-26 02:24:45', NULL)
INSERT INTO [dbo].[Users] ([Id], [IdentityUserId], [FirstName], [LastName], [Email], [CreatedAt], [CreatedBy], [LastModifiedAt], [LastModifiedBy]) VALUES (2, N'63e340a2-3a06-4ef4-92b2-46b60a779f55', N'Ben', N'Tennyson', N'ben@b.com', N'2021-01-26 02:41:36', 1, N'2021-01-26 02:41:36', NULL)
INSERT INTO [dbo].[Users] ([Id], [IdentityUserId], [FirstName], [LastName], [Email], [CreatedAt], [CreatedBy], [LastModifiedAt], [LastModifiedBy]) VALUES (3, N'a5bd5d21-1482-43e4-9966-beb1bcb44b5d', N'Jhon', N'Carter', N'jhon@j.com', N'2021-01-26 02:24:45', 1, N'2021-01-26 02:24:45', NULL)
INSERT INTO [dbo].[Users] ([Id], [IdentityUserId], [FirstName], [LastName], [Email], [CreatedAt], [CreatedBy], [LastModifiedAt], [LastModifiedBy]) VALUES (4, N'8b3f3b3f-e420-4a62-b7d4-c5fc49aa2da6', N'Bob', N'Marshal', N'bob@b.com', N'2021-01-26 02:41:36', 1, N'2021-01-26 02:41:36', NULL)
INSERT INTO [dbo].[Users] ([Id], [IdentityUserId], [FirstName], [LastName], [Email], [CreatedAt], [CreatedBy], [LastModifiedAt], [LastModifiedBy]) VALUES (5, N'33d740a2-1e01-4661-b9ec-728edb96d725', N'Alice', N'Jemima', N'alice@a.com', N'2021-01-26 02:41:36', 1, N'2021-01-26 02:41:36', NULL)
SET IDENTITY_INSERT [dbo].[Users] OFF

SET IDENTITY_INSERT [dbo].[Roles] ON
INSERT INTO [dbo].[Roles] ([Id], [Name], [CreatedAt], [CreatedBy], [LastModifiedAt], [LastModifiedBy]) VALUES (1, N'Admin', N'2021-01-26 02:24:45', 1, N'2021-01-26 02:24:45', 1)
INSERT INTO [dbo].[Roles] ([Id], [Name], [CreatedAt], [CreatedBy], [LastModifiedAt], [LastModifiedBy]) VALUES (2, N'Bidder', N'2021-01-26 02:24:45', 1, N'2021-01-26 02:24:45', 1)
SET IDENTITY_INSERT [dbo].[Roles] OFF

SET IDENTITY_INSERT [dbo].[UserRoles] ON
INSERT INTO [dbo].[UserRoles] ([Id], [UserId], [RoleId], [IsActive], [CreatedAt], [CreatedBy], [LastModifiedAt], [LastModifiedBy]) VALUES (1, 2, 2, 1, N'2021-01-26 02:41:42', 1, N'2021-01-26 02:41:42', NULL)
SET IDENTITY_INSERT [dbo].[UserRoles] OFF

SET IDENTITY_INSERT [dbo].[Permissions] ON
INSERT INTO [dbo].[Permissions] ([Id], [Code], [Description], [CreatedAt], [CreatedBy], [LastModifiedAt], [LastModifiedBy]) VALUES (1, N'ITEM_GET_ALLITEMLIST', N'GetAllItemList', N'2021-01-26 02:24:45', 1, N'2021-01-26 02:24:45', 1)
INSERT INTO [dbo].[Permissions] ([Id], [Code], [Description], [CreatedAt], [CreatedBy], [LastModifiedAt], [LastModifiedBy]) VALUES (2, N'ITEM_ADD_ITEM', N'AddItem', N'2021-01-26 02:24:45', 1, N'2021-01-26 02:24:45', 1)
INSERT INTO [dbo].[Permissions] ([Id], [Code], [Description], [CreatedAt], [CreatedBy], [LastModifiedAt], [LastModifiedBy]) VALUES (3, N'ITEM_UPDATE_ITEM', N'UpdateItem', N'2021-01-26 02:24:45', 1, N'2021-01-26 02:24:45', 1)
INSERT INTO [dbo].[Permissions] ([Id], [Code], [Description], [CreatedAt], [CreatedBy], [LastModifiedAt], [LastModifiedBy]) VALUES (4, N'ITEM_GET_BIDLISTBYITEMID', N'GetBidListByItemId', N'2021-01-26 02:24:45', 1, N'2021-01-26 02:24:45', 1)
INSERT INTO [dbo].[Permissions] ([Id], [Code], [Description], [CreatedAt], [CreatedBy], [LastModifiedAt], [LastModifiedBy]) VALUES (5, N'ITEM_GET_BIDLISTBYUSERID', N'GetBidListByUserId', N'2021-01-26 02:24:45', 1, N'2021-01-26 02:24:45', 1)
INSERT INTO [dbo].[Permissions] ([Id], [Code], [Description], [CreatedAt], [CreatedBy], [LastModifiedAt], [LastModifiedBy]) VALUES (6, N'ITEM_GET_BIDLISTBYUSERANDITEM', N'GetBidListByUserAndItem', N'2021-01-26 02:24:45', 1, N'2021-01-26 02:24:45', 1)
SET IDENTITY_INSERT [dbo].[Permissions] OFF

SET IDENTITY_INSERT [dbo].[RolePermissions] ON
INSERT INTO [dbo].[RolePermissions] ([Id], [PermissionId], [RoleId], [CreatedAt], [CreatedBy], [LastModifiedAt], [LastModifiedBy]) VALUES (1, 1, 1, N'2021-01-26 02:24:45', 1, NULL, NULL)
INSERT INTO [dbo].[RolePermissions] ([Id], [PermissionId], [RoleId], [CreatedAt], [CreatedBy], [LastModifiedAt], [LastModifiedBy]) VALUES (2, 2, 1, N'2021-01-26 02:24:45', 1, NULL, NULL)
INSERT INTO [dbo].[RolePermissions] ([Id], [PermissionId], [RoleId], [CreatedAt], [CreatedBy], [LastModifiedAt], [LastModifiedBy]) VALUES (3, 3, 1, N'2021-01-26 02:24:45', 1, NULL, NULL)
INSERT INTO [dbo].[RolePermissions] ([Id], [PermissionId], [RoleId], [CreatedAt], [CreatedBy], [LastModifiedAt], [LastModifiedBy]) VALUES (4, 4, 1, N'2021-01-26 02:24:45', 1, NULL, NULL)
INSERT INTO [dbo].[RolePermissions] ([Id], [PermissionId], [RoleId], [CreatedAt], [CreatedBy], [LastModifiedAt], [LastModifiedBy]) VALUES (5, 5, 1, N'2021-01-26 02:24:45', 1, NULL, NULL)
INSERT INTO [dbo].[RolePermissions] ([Id], [PermissionId], [RoleId], [CreatedAt], [CreatedBy], [LastModifiedAt], [LastModifiedBy]) VALUES (6, 6, 1, N'2021-01-26 02:24:45', 1, NULL, NULL)
INSERT INTO [dbo].[RolePermissions] ([Id], [PermissionId], [RoleId], [CreatedAt], [CreatedBy], [LastModifiedAt], [LastModifiedBy]) VALUES (7, 4, 2, N'2021-01-26 02:24:45', 1, NULL, NULL)
INSERT INTO [dbo].[RolePermissions] ([Id], [PermissionId], [RoleId], [CreatedAt], [CreatedBy], [LastModifiedAt], [LastModifiedBy]) VALUES (8, 5, 2, N'2021-01-26 02:24:45', 1, NULL, NULL)
INSERT INTO [dbo].[RolePermissions] ([Id], [PermissionId], [RoleId], [CreatedAt], [CreatedBy], [LastModifiedAt], [LastModifiedBy]) VALUES (9, 6, 2, N'2021-01-26 02:24:45', 1, NULL, NULL)
SET IDENTITY_INSERT [dbo].[RolePermissions] OFF


SET IDENTITY_INSERT [dbo].[Items] ON
INSERT INTO [dbo].[Items] ([Id], [Title], [Description], [StartingBid], [StartingTime], [Duration], [ItemStatus], [CreatedAt], [CreatedBy], [LastModifiedAt], [LastModifiedBy]) VALUES (1, N'Bamboo Watch', N'Product Description', CAST(65.00 AS Decimal(18, 2)), N'2021-01-26 02:24:45', N'2021-01-26 02:24:45', 2, N'2021-01-26 02:24:45', 1, NULL, NULL)
INSERT INTO [dbo].[Items] ([Id], [Title], [Description], [StartingBid], [StartingTime], [Duration], [ItemStatus], [CreatedAt], [CreatedBy], [LastModifiedAt], [LastModifiedBy]) VALUES (2, N'Black Watch', N'Product Description', CAST(72.00 AS Decimal(18, 2)), N'2021-01-26 02:24:45', N'2021-01-26 02:24:45', 2, N'2021-01-26 02:24:45', 1, NULL, NULL)
INSERT INTO [dbo].[Items] ([Id], [Title], [Description], [StartingBid], [StartingTime], [Duration], [ItemStatus], [CreatedAt], [CreatedBy], [LastModifiedAt], [LastModifiedBy]) VALUES (3, N'Blue Band', N'Product Description', CAST(79.00 AS Decimal(18, 2)), N'2021-01-26 02:24:45', N'2021-01-26 02:24:45', 2, N'2021-01-26 02:24:45', 1, NULL, NULL)
INSERT INTO [dbo].[Items] ([Id], [Title], [Description], [StartingBid], [StartingTime], [Duration], [ItemStatus], [CreatedAt], [CreatedBy], [LastModifiedAt], [LastModifiedBy]) VALUES (4, N'Blue T-Shirt', N'Product Description', CAST(29.00 AS Decimal(18, 2)), N'2021-01-26 02:24:45', N'2021-01-26 02:24:45', 2, N'2021-01-26 02:24:45', 1, NULL, NULL)
INSERT INTO [dbo].[Items] ([Id], [Title], [Description], [StartingBid], [StartingTime], [Duration], [ItemStatus], [CreatedAt], [CreatedBy], [LastModifiedAt], [LastModifiedBy]) VALUES (5, N'Bracelet', N'Product Description', CAST(15.00 AS Decimal(18, 2)), N'2021-01-26 02:24:45', N'2021-01-26 02:24:45', 2, N'2021-01-26 02:24:45', 1, NULL, NULL)
INSERT INTO [dbo].[Items] ([Id], [Title], [Description], [StartingBid], [StartingTime], [Duration], [ItemStatus], [CreatedAt], [CreatedBy], [LastModifiedAt], [LastModifiedBy]) VALUES (6, N'Brown Purse', N'Product Description', CAST(120.00 AS Decimal(18, 2)), N'2021-01-26 02:24:45', N'2021-01-26 02:24:45', 2, N'2021-01-26 02:24:45', 1, NULL, NULL)
INSERT INTO [dbo].[Items] ([Id], [Title], [Description], [StartingBid], [StartingTime], [Duration], [ItemStatus], [CreatedAt], [CreatedBy], [LastModifiedAt], [LastModifiedBy]) VALUES (7, N'Chakra Bracelet', N'Product Description', CAST(32.00 AS Decimal(18, 2)), N'2021-01-26 02:24:45', N'2021-01-26 02:24:45', 2, N'2021-01-26 02:24:45', 1, NULL, NULL)
INSERT INTO [dbo].[Items] ([Id], [Title], [Description], [StartingBid], [StartingTime], [Duration], [ItemStatus], [CreatedAt], [CreatedBy], [LastModifiedAt], [LastModifiedBy]) VALUES (8, N'Galaxy Earrings', N'Product Description', CAST(34.00 AS Decimal(18, 2)), N'2021-01-26 02:24:45', N'2021-01-26 02:24:45', 2, N'2021-01-26 02:24:45', 1, NULL, NULL)
INSERT INTO [dbo].[Items] ([Id], [Title], [Description], [StartingBid], [StartingTime], [Duration], [ItemStatus], [CreatedAt], [CreatedBy], [LastModifiedAt], [LastModifiedBy]) VALUES (9, N'Game Controller', N'Product Description', CAST(99.00 AS Decimal(18, 2)), N'2021-01-26 02:24:45', N'2021-01-26 02:24:45', 2, N'2021-01-26 02:24:45', 1, NULL, NULL)
INSERT INTO [dbo].[Items] ([Id], [Title], [Description], [StartingBid], [StartingTime], [Duration], [ItemStatus], [CreatedAt], [CreatedBy], [LastModifiedAt], [LastModifiedBy]) VALUES (10, N'Gaming Set', N'Product Description', CAST(299.00 AS Decimal(18, 2)), N'2021-01-26 02:24:45', N'2021-01-26 02:24:45', 2, N'2021-01-26 02:24:45', 1, NULL, NULL)
INSERT INTO [dbo].[Items] ([Id], [Title], [Description], [StartingBid], [StartingTime], [Duration], [ItemStatus], [CreatedAt], [CreatedBy], [LastModifiedAt], [LastModifiedBy]) VALUES (11, N'Gold Phone Case', N'Product Description', CAST(24.00 AS Decimal(18, 2)), N'2021-01-26 02:24:45', N'2021-01-26 02:24:45', 2, N'2021-01-26 02:24:45', 1, NULL, NULL)
INSERT INTO [dbo].[Items] ([Id], [Title], [Description], [StartingBid], [StartingTime], [Duration], [ItemStatus], [CreatedAt], [CreatedBy], [LastModifiedAt], [LastModifiedBy]) VALUES (12, N'Green Earbuds', N'Product Description', CAST(89.00 AS Decimal(18, 2)), N'2021-01-26 02:24:45', N'2021-01-26 02:24:45', 2, N'2021-01-26 02:24:45', 1, NULL, NULL)
INSERT INTO [dbo].[Items] ([Id], [Title], [Description], [StartingBid], [StartingTime], [Duration], [ItemStatus], [CreatedAt], [CreatedBy], [LastModifiedAt], [LastModifiedBy]) VALUES (13, N'Green T-Shirt', N'Product Description', CAST(49.00 AS Decimal(18, 2)), N'2021-01-26 02:24:45', N'2021-01-26 02:24:45', 2, N'2021-01-26 02:24:45', 1, NULL, NULL)
INSERT INTO [dbo].[Items] ([Id], [Title], [Description], [StartingBid], [StartingTime], [Duration], [ItemStatus], [CreatedAt], [CreatedBy], [LastModifiedAt], [LastModifiedBy]) VALUES (14, N'Grey T-Shirt', N'Product Description', CAST(48.00 AS Decimal(18, 2)), N'2021-01-26 02:24:45', N'2021-01-26 02:24:45', 2, N'2021-01-26 02:24:45', 1, NULL, NULL)
INSERT INTO [dbo].[Items] ([Id], [Title], [Description], [StartingBid], [StartingTime], [Duration], [ItemStatus], [CreatedAt], [CreatedBy], [LastModifiedAt], [LastModifiedBy]) VALUES (15, N'Headphones', N'Product Description', CAST(175.00 AS Decimal(18, 2)), N'2021-01-26 02:24:45', N'2021-01-26 02:24:45', 2, N'2021-01-26 02:24:45', 1, NULL, NULL)
INSERT INTO [dbo].[Items] ([Id], [Title], [Description], [StartingBid], [StartingTime], [Duration], [ItemStatus], [CreatedAt], [CreatedBy], [LastModifiedAt], [LastModifiedBy]) VALUES (16, N'Light Green T-Shirt', N'Product Description', CAST(49.00 AS Decimal(18, 2)), N'2021-01-26 02:24:45', N'2021-01-26 02:24:45', 2, N'2021-01-26 02:24:45', 1, NULL, NULL)
INSERT INTO [dbo].[Items] ([Id], [Title], [Description], [StartingBid], [StartingTime], [Duration], [ItemStatus], [CreatedAt], [CreatedBy], [LastModifiedAt], [LastModifiedBy]) VALUES (17, N'Lime Band', N'Product Description', CAST(79.00 AS Decimal(18, 2)), N'2021-01-26 02:24:45', N'2021-01-26 02:24:45', 2, N'2021-01-26 02:24:45', 1, NULL, NULL)
INSERT INTO [dbo].[Items] ([Id], [Title], [Description], [StartingBid], [StartingTime], [Duration], [ItemStatus], [CreatedAt], [CreatedBy], [LastModifiedAt], [LastModifiedBy]) VALUES (18, N'Mini Speakers', N'Product Description', CAST(85.00 AS Decimal(18, 2)), N'2021-01-26 02:24:45', N'2021-01-26 02:24:45', 2, N'2021-01-26 02:24:45', 1, NULL, NULL)
INSERT INTO [dbo].[Items] ([Id], [Title], [Description], [StartingBid], [StartingTime], [Duration], [ItemStatus], [CreatedAt], [CreatedBy], [LastModifiedAt], [LastModifiedBy]) VALUES (19, N'Painted Phone Case', N'Product Description', CAST(56.00 AS Decimal(18, 2)), N'2021-01-26 02:24:45', N'2021-01-26 02:24:45', 2, N'2021-01-26 02:24:45', 1, NULL, NULL)
INSERT INTO [dbo].[Items] ([Id], [Title], [Description], [StartingBid], [StartingTime], [Duration], [ItemStatus], [CreatedAt], [CreatedBy], [LastModifiedAt], [LastModifiedBy]) VALUES (20, N'Pink Band', N'Product Description', CAST(79.00 AS Decimal(18, 2)), N'2021-01-26 02:24:45', N'2021-01-26 02:24:45', 2, N'2021-01-26 02:24:45', 1, NULL, NULL)
INSERT INTO [dbo].[Items] ([Id], [Title], [Description], [StartingBid], [StartingTime], [Duration], [ItemStatus], [CreatedAt], [CreatedBy], [LastModifiedAt], [LastModifiedBy]) VALUES (21, N'Pink Purse', N'Product Description', CAST(110.00 AS Decimal(18, 2)), N'2021-01-26 02:24:45', N'2021-01-26 02:24:45', 2, N'2021-01-26 02:24:45', 1, NULL, NULL)
INSERT INTO [dbo].[Items] ([Id], [Title], [Description], [StartingBid], [StartingTime], [Duration], [ItemStatus], [CreatedAt], [CreatedBy], [LastModifiedAt], [LastModifiedBy]) VALUES (22, N'Purple Band', N'Product Description', CAST(79.00 AS Decimal(18, 2)), N'2021-01-26 02:24:45', N'2021-01-26 02:24:45', 2, N'2021-01-26 02:24:45', 1, NULL, NULL)
INSERT INTO [dbo].[Items] ([Id], [Title], [Description], [StartingBid], [StartingTime], [Duration], [ItemStatus], [CreatedAt], [CreatedBy], [LastModifiedAt], [LastModifiedBy]) VALUES (23, N'Purple Gemstone Necklace', N'Product Description', CAST(45.00 AS Decimal(18, 2)), N'2021-01-26 02:24:45', N'2021-01-26 02:24:45', 2, N'2021-01-26 02:24:45', 1, NULL, NULL)
INSERT INTO [dbo].[Items] ([Id], [Title], [Description], [StartingBid], [StartingTime], [Duration], [ItemStatus], [CreatedAt], [CreatedBy], [LastModifiedAt], [LastModifiedBy]) VALUES (24, N'Purple T-Shirt', N'Product Description', CAST(49.00 AS Decimal(18, 2)), N'2021-01-26 02:24:45', N'2021-01-26 02:24:45', 2, N'2021-01-26 02:24:45', 1, NULL, NULL)
INSERT INTO [dbo].[Items] ([Id], [Title], [Description], [StartingBid], [StartingTime], [Duration], [ItemStatus], [CreatedAt], [CreatedBy], [LastModifiedAt], [LastModifiedBy]) VALUES (25, N'Shoes', N'Product Description', CAST(64.00 AS Decimal(18, 2)), N'2021-01-26 02:24:45', N'2021-01-26 02:24:45', 2, N'2021-01-26 02:24:45', 1, NULL, NULL)
INSERT INTO [dbo].[Items] ([Id], [Title], [Description], [StartingBid], [StartingTime], [Duration], [ItemStatus], [CreatedAt], [CreatedBy], [LastModifiedAt], [LastModifiedBy]) VALUES (26, N'Sneakers', N'Product Description', CAST(78.00 AS Decimal(18, 2)), N'2021-01-26 02:24:45', N'2021-01-26 02:24:45', 2, N'2021-01-26 02:24:45', 1, NULL, NULL)
INSERT INTO [dbo].[Items] ([Id], [Title], [Description], [StartingBid], [StartingTime], [Duration], [ItemStatus], [CreatedAt], [CreatedBy], [LastModifiedAt], [LastModifiedBy]) VALUES (27, N'Teal T-Shirt', N'Product Description', CAST(49.00 AS Decimal(18, 2)), N'2021-01-26 02:24:45', N'2021-01-26 02:24:45', 2, N'2021-01-26 02:24:45', 1, NULL, NULL)
INSERT INTO [dbo].[Items] ([Id], [Title], [Description], [StartingBid], [StartingTime], [Duration], [ItemStatus], [CreatedAt], [CreatedBy], [LastModifiedAt], [LastModifiedBy]) VALUES (28, N'Yellow Earbuds', N'Product Description', CAST(89.00 AS Decimal(18, 2)), N'2021-01-26 02:24:45', N'2021-01-26 02:24:45', 2, N'2021-01-26 02:24:45', 1, NULL, NULL)
INSERT INTO [dbo].[Items] ([Id], [Title], [Description], [StartingBid], [StartingTime], [Duration], [ItemStatus], [CreatedAt], [CreatedBy], [LastModifiedAt], [LastModifiedBy]) VALUES (29, N'Yoga Mat', N'Product Description', CAST(20.00 AS Decimal(18, 2)), N'2021-01-26 02:24:45', N'2021-01-26 02:24:45', 2, N'2021-01-26 02:24:45', 1, NULL, NULL)
INSERT INTO [dbo].[Items] ([Id], [Title], [Description], [StartingBid], [StartingTime], [Duration], [ItemStatus], [CreatedAt], [CreatedBy], [LastModifiedAt], [LastModifiedBy]) VALUES (30, N'Bamboo Watch', N'Product Description', CAST(65.00 AS Decimal(18, 2)), N'2021-01-26 02:24:45', N'2021-01-26 02:24:45', 2, N'2021-01-26 02:24:45', 1, NULL, NULL)
INSERT INTO [dbo].[Items] ([Id], [Title], [Description], [StartingBid], [StartingTime], [Duration], [ItemStatus], [CreatedAt], [CreatedBy], [LastModifiedAt], [LastModifiedBy]) VALUES (31, N'Black Watch', N'Product Description', CAST(72.00 AS Decimal(18, 2)), N'2021-01-26 02:24:45', N'2021-01-26 02:24:45', 2, N'2021-01-26 02:24:45', 1, NULL, NULL)
INSERT INTO [dbo].[Items] ([Id], [Title], [Description], [StartingBid], [StartingTime], [Duration], [ItemStatus], [CreatedAt], [CreatedBy], [LastModifiedAt], [LastModifiedBy]) VALUES (32, N'Blue Band', N'Product Description', CAST(79.00 AS Decimal(18, 2)), N'2021-01-26 02:24:45', N'2021-01-26 02:24:45', 2, N'2021-01-26 02:24:45', 1, NULL, NULL)
INSERT INTO [dbo].[Items] ([Id], [Title], [Description], [StartingBid], [StartingTime], [Duration], [ItemStatus], [CreatedAt], [CreatedBy], [LastModifiedAt], [LastModifiedBy]) VALUES (33, N'Blue T-Shirt', N'Product Description', CAST(29.00 AS Decimal(18, 2)), N'2021-01-26 02:24:45', N'2021-01-26 02:24:45', 2, N'2021-01-26 02:24:45', 1, NULL, NULL)
INSERT INTO [dbo].[Items] ([Id], [Title], [Description], [StartingBid], [StartingTime], [Duration], [ItemStatus], [CreatedAt], [CreatedBy], [LastModifiedAt], [LastModifiedBy]) VALUES (34, N'Bracelet', N'Product Description', CAST(15.00 AS Decimal(18, 2)), N'2021-01-26 02:24:45', N'2021-01-26 02:24:45', 1, N'2021-01-26 02:24:45', 1, NULL, NULL)
INSERT INTO [dbo].[Items] ([Id], [Title], [Description], [StartingBid], [StartingTime], [Duration], [ItemStatus], [CreatedAt], [CreatedBy], [LastModifiedAt], [LastModifiedBy]) VALUES (35, N'Brown Purse', N'Product Description', CAST(120.00 AS Decimal(18, 2)), N'2021-01-26 02:24:45', N'2021-01-26 02:24:45', 2, N'2021-01-26 02:24:45', 1, NULL, NULL)
INSERT INTO [dbo].[Items] ([Id], [Title], [Description], [StartingBid], [StartingTime], [Duration], [ItemStatus], [CreatedAt], [CreatedBy], [LastModifiedAt], [LastModifiedBy]) VALUES (36, N'Chakra Bracelet', N'Product Description', CAST(32.00 AS Decimal(18, 2)), N'2021-01-26 02:24:45', N'2021-01-26 02:24:45', 2, N'2021-01-26 02:24:45', 1, NULL, NULL)
INSERT INTO [dbo].[Items] ([Id], [Title], [Description], [StartingBid], [StartingTime], [Duration], [ItemStatus], [CreatedAt], [CreatedBy], [LastModifiedAt], [LastModifiedBy]) VALUES (37, N'Galaxy Earrings', N'Product Description', CAST(34.00 AS Decimal(18, 2)), N'2021-01-26 02:24:45', N'2021-01-26 02:24:45', 2, N'2021-01-26 02:24:45', 1, NULL, NULL)
INSERT INTO [dbo].[Items] ([Id], [Title], [Description], [StartingBid], [StartingTime], [Duration], [ItemStatus], [CreatedAt], [CreatedBy], [LastModifiedAt], [LastModifiedBy]) VALUES (38, N'Game Controller', N'Product Description', CAST(99.00 AS Decimal(18, 2)), N'2021-01-26 02:24:45', N'2021-01-26 02:24:45', 2, N'2021-01-26 02:24:45', 1, NULL, NULL)
INSERT INTO [dbo].[Items] ([Id], [Title], [Description], [StartingBid], [StartingTime], [Duration], [ItemStatus], [CreatedAt], [CreatedBy], [LastModifiedAt], [LastModifiedBy]) VALUES (39, N'Gaming Set', N'Product Description', CAST(299.00 AS Decimal(18, 2)), N'2021-01-26 02:24:45', N'2021-01-26 02:24:45', 2, N'2021-01-26 02:24:45', 1, NULL, NULL)
INSERT INTO [dbo].[Items] ([Id], [Title], [Description], [StartingBid], [StartingTime], [Duration], [ItemStatus], [CreatedAt], [CreatedBy], [LastModifiedAt], [LastModifiedBy]) VALUES (40, N'Gold Phone Case', N'Product Description', CAST(24.00 AS Decimal(18, 2)), N'2021-01-26 02:24:45', N'2021-01-26 02:24:45', 2, N'2021-01-26 02:24:45', 1, NULL, NULL)
INSERT INTO [dbo].[Items] ([Id], [Title], [Description], [StartingBid], [StartingTime], [Duration], [ItemStatus], [CreatedAt], [CreatedBy], [LastModifiedAt], [LastModifiedBy]) VALUES (41, N'Green Earbuds', N'Product Description', CAST(89.00 AS Decimal(18, 2)), N'2021-01-26 02:24:45', N'2021-01-26 02:24:45', 2, N'2021-01-26 02:24:45', 1, NULL, NULL)
INSERT INTO [dbo].[Items] ([Id], [Title], [Description], [StartingBid], [StartingTime], [Duration], [ItemStatus], [CreatedAt], [CreatedBy], [LastModifiedAt], [LastModifiedBy]) VALUES (42, N'Green T-Shirt', N'Product Description', CAST(49.00 AS Decimal(18, 2)), N'2021-01-26 02:24:45', N'2021-01-26 02:24:45', 2, N'2021-01-26 02:24:45', 1, NULL, NULL)
INSERT INTO [dbo].[Items] ([Id], [Title], [Description], [StartingBid], [StartingTime], [Duration], [ItemStatus], [CreatedAt], [CreatedBy], [LastModifiedAt], [LastModifiedBy]) VALUES (43, N'Grey T-Shirt', N'Product Description', CAST(48.00 AS Decimal(18, 2)), N'2021-01-26 02:24:45', N'2021-01-26 02:24:45', 2, N'2021-01-26 02:24:45', 1, NULL, NULL)
INSERT INTO [dbo].[Items] ([Id], [Title], [Description], [StartingBid], [StartingTime], [Duration], [ItemStatus], [CreatedAt], [CreatedBy], [LastModifiedAt], [LastModifiedBy]) VALUES (44, N'Headphones', N'Product Description', CAST(175.00 AS Decimal(18, 2)), N'2021-01-26 02:24:45', N'2021-01-26 02:24:45', 2, N'2021-01-26 02:24:45', 1, NULL, NULL)
INSERT INTO [dbo].[Items] ([Id], [Title], [Description], [StartingBid], [StartingTime], [Duration], [ItemStatus], [CreatedAt], [CreatedBy], [LastModifiedAt], [LastModifiedBy]) VALUES (45, N'Light Green T-Shirt', N'Product Description', CAST(49.00 AS Decimal(18, 2)), N'2021-01-26 02:24:45', N'2021-01-26 02:24:45', 2, N'2021-01-26 02:24:45', 1, NULL, NULL)
INSERT INTO [dbo].[Items] ([Id], [Title], [Description], [StartingBid], [StartingTime], [Duration], [ItemStatus], [CreatedAt], [CreatedBy], [LastModifiedAt], [LastModifiedBy]) VALUES (46, N'Lime Band', N'Product Description', CAST(79.00 AS Decimal(18, 2)), N'2021-01-26 02:24:45', N'2021-01-26 02:24:45', 2, N'2021-01-26 02:24:45', 1, NULL, NULL)
INSERT INTO [dbo].[Items] ([Id], [Title], [Description], [StartingBid], [StartingTime], [Duration], [ItemStatus], [CreatedAt], [CreatedBy], [LastModifiedAt], [LastModifiedBy]) VALUES (47, N'Mini Speakers', N'Product Description', CAST(85.00 AS Decimal(18, 2)), N'2021-01-26 02:24:45', N'2021-01-26 02:24:45', 2, N'2021-01-26 02:24:45', 1, NULL, NULL)
INSERT INTO [dbo].[Items] ([Id], [Title], [Description], [StartingBid], [StartingTime], [Duration], [ItemStatus], [CreatedAt], [CreatedBy], [LastModifiedAt], [LastModifiedBy]) VALUES (48, N'Painted Phone Case', N'Product Description', CAST(56.00 AS Decimal(18, 2)), N'2021-01-26 02:24:45', N'2021-01-26 02:24:45', 2, N'2021-01-26 02:24:45', 1, NULL, NULL)
INSERT INTO [dbo].[Items] ([Id], [Title], [Description], [StartingBid], [StartingTime], [Duration], [ItemStatus], [CreatedAt], [CreatedBy], [LastModifiedAt], [LastModifiedBy]) VALUES (49, N'Pink Band', N'Product Description', CAST(79.00 AS Decimal(18, 2)), N'2021-01-26 02:24:45', N'2021-01-26 02:24:45', 2, N'2021-01-26 02:24:45', 1, NULL, NULL)
INSERT INTO [dbo].[Items] ([Id], [Title], [Description], [StartingBid], [StartingTime], [Duration], [ItemStatus], [CreatedAt], [CreatedBy], [LastModifiedAt], [LastModifiedBy]) VALUES (50, N'Pink Purse', N'Product Description', CAST(110.00 AS Decimal(18, 2)), N'2021-01-26 02:24:45', N'2021-01-26 02:24:45', 2, N'2021-01-26 02:24:45', 1, NULL, NULL)
INSERT INTO [dbo].[Items] ([Id], [Title], [Description], [StartingBid], [StartingTime], [Duration], [ItemStatus], [CreatedAt], [CreatedBy], [LastModifiedAt], [LastModifiedBy]) VALUES (51, N'Purple Band', N'Product Description', CAST(79.00 AS Decimal(18, 2)), N'2021-01-26 02:24:45', N'2021-01-26 02:24:45', 2, N'2021-01-26 02:24:45', 1, NULL, NULL)
INSERT INTO [dbo].[Items] ([Id], [Title], [Description], [StartingBid], [StartingTime], [Duration], [ItemStatus], [CreatedAt], [CreatedBy], [LastModifiedAt], [LastModifiedBy]) VALUES (52, N'Purple Gemstone Necklace', N'Product Description', CAST(45.00 AS Decimal(18, 2)), N'2021-01-26 02:24:45', N'2021-01-26 02:24:45', 2, N'2021-01-26 02:24:45', 1, NULL, NULL)
INSERT INTO [dbo].[Items] ([Id], [Title], [Description], [StartingBid], [StartingTime], [Duration], [ItemStatus], [CreatedAt], [CreatedBy], [LastModifiedAt], [LastModifiedBy]) VALUES (53, N'Purple T-Shirt', N'Product Description', CAST(49.00 AS Decimal(18, 2)), N'2021-01-26 02:24:45', N'2021-01-26 02:24:45', 2, N'2021-01-26 02:24:45', 1, NULL, NULL)
INSERT INTO [dbo].[Items] ([Id], [Title], [Description], [StartingBid], [StartingTime], [Duration], [ItemStatus], [CreatedAt], [CreatedBy], [LastModifiedAt], [LastModifiedBy]) VALUES (54, N'Shoes', N'Product Description', CAST(64.00 AS Decimal(18, 2)), N'2021-01-26 02:24:45', N'2021-01-26 02:24:45', 2, N'2021-01-26 02:24:45', 1, NULL, NULL)
INSERT INTO [dbo].[Items] ([Id], [Title], [Description], [StartingBid], [StartingTime], [Duration], [ItemStatus], [CreatedAt], [CreatedBy], [LastModifiedAt], [LastModifiedBy]) VALUES (55, N'Sneakers', N'Product Description', CAST(78.00 AS Decimal(18, 2)), N'2021-01-26 02:24:45', N'2021-01-26 02:24:45', 2, N'2021-01-26 02:24:45', 1, NULL, NULL)
INSERT INTO [dbo].[Items] ([Id], [Title], [Description], [StartingBid], [StartingTime], [Duration], [ItemStatus], [CreatedAt], [CreatedBy], [LastModifiedAt], [LastModifiedBy]) VALUES (56, N'Teal T-Shirt', N'Product Description', CAST(49.00 AS Decimal(18, 2)), N'2021-01-26 02:24:45', N'2021-01-26 02:24:45', 2, N'2021-01-26 02:24:45', 1, NULL, NULL)
INSERT INTO [dbo].[Items] ([Id], [Title], [Description], [StartingBid], [StartingTime], [Duration], [ItemStatus], [CreatedAt], [CreatedBy], [LastModifiedAt], [LastModifiedBy]) VALUES (57, N'Yellow Earbuds', N'Product Description', CAST(89.00 AS Decimal(18, 2)), N'2021-01-26 02:24:45', N'2021-01-26 02:24:45', 2, N'2021-01-26 02:24:45', 1, NULL, NULL)
INSERT INTO [dbo].[Items] ([Id], [Title], [Description], [StartingBid], [StartingTime], [Duration], [ItemStatus], [CreatedAt], [CreatedBy], [LastModifiedAt], [LastModifiedBy]) VALUES (58, N'Yoga Mat', N'Product Description', CAST(20.00 AS Decimal(18, 2)), N'2021-01-26 02:24:45', N'2021-01-26 02:24:45', 2, N'2021-01-26 02:24:45', 1, NULL, NULL)
SET IDENTITY_INSERT [dbo].[Items] OFF

SET IDENTITY_INSERT [dbo].[ItemImages] ON
INSERT INTO [dbo].[ItemImages] ([Id], [ItemId], [Url], [CreatedAt], [CreatedBy], [LastModifiedAt], [LastModifiedBy]) VALUES (1, 1, N'/bamboo-watch.jpg', N'2021-01-26 02:24:45', 1, NULL, NULL)
INSERT INTO [dbo].[ItemImages] ([Id], [ItemId], [Url], [CreatedAt], [CreatedBy], [LastModifiedAt], [LastModifiedBy]) VALUES (2, 1, N'/black-watch.jpg', N'2021-01-26 02:24:45', 1, NULL, NULL)
INSERT INTO [dbo].[ItemImages] ([Id], [ItemId], [Url], [CreatedAt], [CreatedBy], [LastModifiedAt], [LastModifiedBy]) VALUES (3, 1, N'/blue-band.jpg', N'2021-01-26 02:24:45', 1, NULL, NULL)
INSERT INTO [dbo].[ItemImages] ([Id], [ItemId], [Url], [CreatedAt], [CreatedBy], [LastModifiedAt], [LastModifiedBy]) VALUES (4, 2, N'/blue-t-shirt.jpg', N'2021-01-26 02:24:45', 1, NULL, NULL)
INSERT INTO [dbo].[ItemImages] ([Id], [ItemId], [Url], [CreatedAt], [CreatedBy], [LastModifiedAt], [LastModifiedBy]) VALUES (5, 2, N'/bracelet.jpg', N'2021-01-26 02:24:45', 1, NULL, NULL)
INSERT INTO [dbo].[ItemImages] ([Id], [ItemId], [Url], [CreatedAt], [CreatedBy], [LastModifiedAt], [LastModifiedBy]) VALUES (6, 2, N'/brown-purse.jpg', N'2021-01-26 02:24:45', 1, NULL, NULL)
INSERT INTO [dbo].[ItemImages] ([Id], [ItemId], [Url], [CreatedAt], [CreatedBy], [LastModifiedAt], [LastModifiedBy]) VALUES (7, 3, N'/chakra-bracelet.jpg', N'2021-01-26 02:24:45', 1, NULL, NULL)
INSERT INTO [dbo].[ItemImages] ([Id], [ItemId], [Url], [CreatedAt], [CreatedBy], [LastModifiedAt], [LastModifiedBy]) VALUES (8, 3, N'/galaxy-earrings.jpg', N'2021-01-26 02:24:45', 1, NULL, NULL)
INSERT INTO [dbo].[ItemImages] ([Id], [ItemId], [Url], [CreatedAt], [CreatedBy], [LastModifiedAt], [LastModifiedBy]) VALUES (9, 3, N'/game-controller.jpg', N'2021-01-26 02:24:45', 1, NULL, NULL)
INSERT INTO [dbo].[ItemImages] ([Id], [ItemId], [Url], [CreatedAt], [CreatedBy], [LastModifiedAt], [LastModifiedBy]) VALUES (10, 4, N'/gaming-set.jpg', N'2021-01-26 02:24:45', 1, NULL, NULL)
INSERT INTO [dbo].[ItemImages] ([Id], [ItemId], [Url], [CreatedAt], [CreatedBy], [LastModifiedAt], [LastModifiedBy]) VALUES (11, 4, N'/gold-phone-case.jpg', N'2021-01-26 02:24:45', 1, NULL, NULL)
INSERT INTO [dbo].[ItemImages] ([Id], [ItemId], [Url], [CreatedAt], [CreatedBy], [LastModifiedAt], [LastModifiedBy]) VALUES (12, 4, N'/green-earbuds.jpg', N'2021-01-26 02:24:45', 1, NULL, NULL)
INSERT INTO [dbo].[ItemImages] ([Id], [ItemId], [Url], [CreatedAt], [CreatedBy], [LastModifiedAt], [LastModifiedBy]) VALUES (13, 5, N'/green-t-shirt.jpg', N'2021-01-26 02:24:45', 1, NULL, NULL)
INSERT INTO [dbo].[ItemImages] ([Id], [ItemId], [Url], [CreatedAt], [CreatedBy], [LastModifiedAt], [LastModifiedBy]) VALUES (14, 5, N'/grey-t-shirt.jpg', N'2021-01-26 02:24:45', 1, NULL, NULL)
INSERT INTO [dbo].[ItemImages] ([Id], [ItemId], [Url], [CreatedAt], [CreatedBy], [LastModifiedAt], [LastModifiedBy]) VALUES (15, 5, N'/headphones.jpg', N'2021-01-26 02:24:45', 1, NULL, NULL)
INSERT INTO [dbo].[ItemImages] ([Id], [ItemId], [Url], [CreatedAt], [CreatedBy], [LastModifiedAt], [LastModifiedBy]) VALUES (16, 6, N'/light-green-t-shirt.jpg', N'2021-01-26 02:24:45', 1, NULL, NULL)
INSERT INTO [dbo].[ItemImages] ([Id], [ItemId], [Url], [CreatedAt], [CreatedBy], [LastModifiedAt], [LastModifiedBy]) VALUES (17, 6, N'/lime-band.jpg', N'2021-01-26 02:24:45', 1, NULL, NULL)
INSERT INTO [dbo].[ItemImages] ([Id], [ItemId], [Url], [CreatedAt], [CreatedBy], [LastModifiedAt], [LastModifiedBy]) VALUES (18, 6, N'/mini-speakers.jpg', N'2021-01-26 02:24:45', 1, NULL, NULL)
INSERT INTO [dbo].[ItemImages] ([Id], [ItemId], [Url], [CreatedAt], [CreatedBy], [LastModifiedAt], [LastModifiedBy]) VALUES (19, 7, N'/painted-phone-case.jpg', N'2021-01-26 02:24:45', 1, NULL, NULL)
INSERT INTO [dbo].[ItemImages] ([Id], [ItemId], [Url], [CreatedAt], [CreatedBy], [LastModifiedAt], [LastModifiedBy]) VALUES (20, 7, N'/pink-band.jpg', N'2021-01-26 02:24:45', 1, NULL, NULL)
INSERT INTO [dbo].[ItemImages] ([Id], [ItemId], [Url], [CreatedAt], [CreatedBy], [LastModifiedAt], [LastModifiedBy]) VALUES (21, 7, N'/pink-purse.jpg', N'2021-01-26 02:24:45', 1, NULL, NULL)
INSERT INTO [dbo].[ItemImages] ([Id], [ItemId], [Url], [CreatedAt], [CreatedBy], [LastModifiedAt], [LastModifiedBy]) VALUES (22, 8, N'/purple-band.jpg', N'2021-01-26 02:24:45', 1, NULL, NULL)
INSERT INTO [dbo].[ItemImages] ([Id], [ItemId], [Url], [CreatedAt], [CreatedBy], [LastModifiedAt], [LastModifiedBy]) VALUES (23, 8, N'/purple-gemstone-necklace.jpg', N'2021-01-26 02:24:45', 1, NULL, NULL)
INSERT INTO [dbo].[ItemImages] ([Id], [ItemId], [Url], [CreatedAt], [CreatedBy], [LastModifiedAt], [LastModifiedBy]) VALUES (24, 8, N'/purple-t-shirt.jpg', N'2021-01-26 02:24:45', 1, NULL, NULL)
INSERT INTO [dbo].[ItemImages] ([Id], [ItemId], [Url], [CreatedAt], [CreatedBy], [LastModifiedAt], [LastModifiedBy]) VALUES (25, 9, N'/shoes.jpg', N'2021-01-26 02:24:45', 1, NULL, NULL)
INSERT INTO [dbo].[ItemImages] ([Id], [ItemId], [Url], [CreatedAt], [CreatedBy], [LastModifiedAt], [LastModifiedBy]) VALUES (26, 9, N'/sneakers.jpg', N'2021-01-26 02:24:45', 1, NULL, NULL)
INSERT INTO [dbo].[ItemImages] ([Id], [ItemId], [Url], [CreatedAt], [CreatedBy], [LastModifiedAt], [LastModifiedBy]) VALUES (27, 9, N'/teal-t-shirt.jpg', N'2021-01-26 02:24:45', 1, NULL, NULL)
INSERT INTO [dbo].[ItemImages] ([Id], [ItemId], [Url], [CreatedAt], [CreatedBy], [LastModifiedAt], [LastModifiedBy]) VALUES (28, 10, N'/yellow-earbuds.jpg', N'2021-01-26 02:24:45', 1, NULL, NULL)
INSERT INTO [dbo].[ItemImages] ([Id], [ItemId], [Url], [CreatedAt], [CreatedBy], [LastModifiedAt], [LastModifiedBy]) VALUES (29, 10, N'/yoga-mat.jpg', N'2021-01-26 02:24:45', 1, NULL, NULL)
INSERT INTO [dbo].[ItemImages] ([Id], [ItemId], [Url], [CreatedAt], [CreatedBy], [LastModifiedAt], [LastModifiedBy]) VALUES (30, 10, N'/yoga-set.jpg', N'2021-01-26 02:24:45', 1, NULL, NULL)
INSERT INTO [dbo].[ItemImages] ([Id], [ItemId], [Url], [CreatedAt], [CreatedBy], [LastModifiedAt], [LastModifiedBy]) VALUES (31, 11, N'/bamboo-watch.jpg', N'2021-01-26 02:24:45', 1, NULL, NULL)
INSERT INTO [dbo].[ItemImages] ([Id], [ItemId], [Url], [CreatedAt], [CreatedBy], [LastModifiedAt], [LastModifiedBy]) VALUES (32, 11, N'/black-watch.jpg', N'2021-01-26 02:24:45', 1, NULL, NULL)
INSERT INTO [dbo].[ItemImages] ([Id], [ItemId], [Url], [CreatedAt], [CreatedBy], [LastModifiedAt], [LastModifiedBy]) VALUES (33, 11, N'/blue-band.jpg', N'2021-01-26 02:24:45', 1, NULL, NULL)
INSERT INTO [dbo].[ItemImages] ([Id], [ItemId], [Url], [CreatedAt], [CreatedBy], [LastModifiedAt], [LastModifiedBy]) VALUES (34, 12, N'/blue-t-shirt.jpg', N'2021-01-26 02:24:45', 1, NULL, NULL)
INSERT INTO [dbo].[ItemImages] ([Id], [ItemId], [Url], [CreatedAt], [CreatedBy], [LastModifiedAt], [LastModifiedBy]) VALUES (35, 12, N'/bracelet.jpg', N'2021-01-26 02:24:45', 1, NULL, NULL)
INSERT INTO [dbo].[ItemImages] ([Id], [ItemId], [Url], [CreatedAt], [CreatedBy], [LastModifiedAt], [LastModifiedBy]) VALUES (36, 12, N'/brown-purse.jpg', N'2021-01-26 02:24:45', 1, NULL, NULL)
INSERT INTO [dbo].[ItemImages] ([Id], [ItemId], [Url], [CreatedAt], [CreatedBy], [LastModifiedAt], [LastModifiedBy]) VALUES (37, 13, N'/chakra-bracelet.jpg', N'2021-01-26 02:24:45', 1, NULL, NULL)
INSERT INTO [dbo].[ItemImages] ([Id], [ItemId], [Url], [CreatedAt], [CreatedBy], [LastModifiedAt], [LastModifiedBy]) VALUES (38, 13, N'/galaxy-earrings.jpg', N'2021-01-26 02:24:45', 1, NULL, NULL)
INSERT INTO [dbo].[ItemImages] ([Id], [ItemId], [Url], [CreatedAt], [CreatedBy], [LastModifiedAt], [LastModifiedBy]) VALUES (39, 13, N'/game-controller.jpg', N'2021-01-26 02:24:45', 1, NULL, NULL)
INSERT INTO [dbo].[ItemImages] ([Id], [ItemId], [Url], [CreatedAt], [CreatedBy], [LastModifiedAt], [LastModifiedBy]) VALUES (40, 14, N'/gaming-set.jpg', N'2021-01-26 02:24:45', 1, NULL, NULL)
INSERT INTO [dbo].[ItemImages] ([Id], [ItemId], [Url], [CreatedAt], [CreatedBy], [LastModifiedAt], [LastModifiedBy]) VALUES (41, 14, N'/gold-phone-case.jpg', N'2021-01-26 02:24:45', 1, NULL, NULL)
INSERT INTO [dbo].[ItemImages] ([Id], [ItemId], [Url], [CreatedAt], [CreatedBy], [LastModifiedAt], [LastModifiedBy]) VALUES (42, 14, N'/green-earbuds.jpg', N'2021-01-26 02:24:45', 1, NULL, NULL)
INSERT INTO [dbo].[ItemImages] ([Id], [ItemId], [Url], [CreatedAt], [CreatedBy], [LastModifiedAt], [LastModifiedBy]) VALUES (43, 15, N'/green-t-shirt.jpg', N'2021-01-26 02:24:45', 1, NULL, NULL)
INSERT INTO [dbo].[ItemImages] ([Id], [ItemId], [Url], [CreatedAt], [CreatedBy], [LastModifiedAt], [LastModifiedBy]) VALUES (44, 15, N'/grey-t-shirt.jpg', N'2021-01-26 02:24:45', 1, NULL, NULL)
INSERT INTO [dbo].[ItemImages] ([Id], [ItemId], [Url], [CreatedAt], [CreatedBy], [LastModifiedAt], [LastModifiedBy]) VALUES (45, 15, N'/headphones.jpg', N'2021-01-26 02:24:45', 1, NULL, NULL)
INSERT INTO [dbo].[ItemImages] ([Id], [ItemId], [Url], [CreatedAt], [CreatedBy], [LastModifiedAt], [LastModifiedBy]) VALUES (46, 16, N'/light-green-t-shirt.jpg', N'2021-01-26 02:24:45', 1, NULL, NULL)
INSERT INTO [dbo].[ItemImages] ([Id], [ItemId], [Url], [CreatedAt], [CreatedBy], [LastModifiedAt], [LastModifiedBy]) VALUES (47, 16, N'/lime-band.jpg', N'2021-01-26 02:24:45', 1, NULL, NULL)
INSERT INTO [dbo].[ItemImages] ([Id], [ItemId], [Url], [CreatedAt], [CreatedBy], [LastModifiedAt], [LastModifiedBy]) VALUES (48, 16, N'/mini-speakers.jpg', N'2021-01-26 02:24:45', 1, NULL, NULL)
INSERT INTO [dbo].[ItemImages] ([Id], [ItemId], [Url], [CreatedAt], [CreatedBy], [LastModifiedAt], [LastModifiedBy]) VALUES (49, 17, N'/painted-phone-case.jpg', N'2021-01-26 02:24:45', 1, NULL, NULL)
INSERT INTO [dbo].[ItemImages] ([Id], [ItemId], [Url], [CreatedAt], [CreatedBy], [LastModifiedAt], [LastModifiedBy]) VALUES (50, 17, N'/pink-band.jpg', N'2021-01-26 02:24:45', 1, NULL, NULL)
INSERT INTO [dbo].[ItemImages] ([Id], [ItemId], [Url], [CreatedAt], [CreatedBy], [LastModifiedAt], [LastModifiedBy]) VALUES (51, 17, N'/pink-purse.jpg', N'2021-01-26 02:24:45', 1, NULL, NULL)
INSERT INTO [dbo].[ItemImages] ([Id], [ItemId], [Url], [CreatedAt], [CreatedBy], [LastModifiedAt], [LastModifiedBy]) VALUES (52, 18, N'/purple-band.jpg', N'2021-01-26 02:24:45', 1, NULL, NULL)
INSERT INTO [dbo].[ItemImages] ([Id], [ItemId], [Url], [CreatedAt], [CreatedBy], [LastModifiedAt], [LastModifiedBy]) VALUES (53, 18, N'/purple-gemstone-necklace.jpg', N'2021-01-26 02:24:45', 1, NULL, NULL)
INSERT INTO [dbo].[ItemImages] ([Id], [ItemId], [Url], [CreatedAt], [CreatedBy], [LastModifiedAt], [LastModifiedBy]) VALUES (54, 18, N'/purple-t-shirt.jpg', N'2021-01-26 02:24:45', 1, NULL, NULL)
INSERT INTO [dbo].[ItemImages] ([Id], [ItemId], [Url], [CreatedAt], [CreatedBy], [LastModifiedAt], [LastModifiedBy]) VALUES (55, 19, N'/shoes.jpg', N'2021-01-26 02:24:45', 1, NULL, NULL)
INSERT INTO [dbo].[ItemImages] ([Id], [ItemId], [Url], [CreatedAt], [CreatedBy], [LastModifiedAt], [LastModifiedBy]) VALUES (56, 19, N'/sneakers.jpg', N'2021-01-26 02:24:45', 1, NULL, NULL)
INSERT INTO [dbo].[ItemImages] ([Id], [ItemId], [Url], [CreatedAt], [CreatedBy], [LastModifiedAt], [LastModifiedBy]) VALUES (57, 19, N'/teal-t-shirt.jpg', N'2021-01-26 02:24:45', 1, NULL, NULL)
INSERT INTO [dbo].[ItemImages] ([Id], [ItemId], [Url], [CreatedAt], [CreatedBy], [LastModifiedAt], [LastModifiedBy]) VALUES (58, 20, N'/yellow-earbuds.jpg', N'2021-01-26 02:24:45', 1, NULL, NULL)
SET IDENTITY_INSERT [dbo].[ItemImages] OFF

